<?xml version="1.1" encoding="UTF-8" standalone="no"?>
<databaseChangeLog xmlns="http://www.liquibase.org/xml/ns/dbchangelog" xmlns:appdba="http://www.datical.net/xml/ns/appdba" xmlns:datical="http://www.datical.net/xml/ns/datical" xmlns:storedlogic="http://www.datical.net/xml/ns/storedlogic" xmlns:xsi="http://www.w3.org/2001/XMLSchema-instance" logicalFilePath="Changelog/changelog.xml" xsi:schemaLocation="http://www.liquibase.org/xml/ns/dbchangelog http://www.liquibase.org/xml/ns/dbchangelog/dbchangelog-3.6.xsd">
    <changeSet author="PGM" context="dev" created="Thu Jan 11 11:38:22 CST 2018" id="TESTDEV_T1.tbl" labels="main">
        <createTable tableName="T1">
            <column name="C1" type="CHAR(1)">
                <constraints nullable="true" primaryKey="false" unique="false"/>
            </column>
        </createTable>
    </changeSet>
    <changeSet author="PGM" context="INT" created="Thu Jan 11 12:13:58 CST 2018" id="TESTDEV_T2">
        <createTable tableName="T2">
            <column name="C1" type="CHAR(1)">
                <constraints nullable="true" primaryKey="false" unique="false"/>
            </column>
        </createTable>
    </changeSet>
    <changeSet appdba:scriptChecksum="99b4e219ec65b8e7df3bddfad8a0158b" author="T54VCDE (generated)" created="2018-01-16 00:59-0600" id="fbg5-1 (createTable tableName=T3)" labels="main, t3.tbl" objectQuotingStrategy="QUOTE_ALL_OBJECTS">
        <createTable schemaName="TESTDEV" tableName="T3">
            <column name="C3" type="CHAR(1 BYTE)"/>
            <appdba:storageOptions dbms="oracle" path="testdev/storage/T3_tbl_1516085941805.sql"/>
        </createTable>
    </changeSet>
</databaseChangeLog>
